col,mean,std
tenure,32.075789847355345,24.492631185276586
monthlycharges,64.6711661341853,30.177218081075946
totalcharges,2255.1279641462547,2260.103006974276
