col,mean,std
tenure,32.37114865824223,24.55948102309446
monthlycharges,64.76169246059918,30.090047097678493
totalcharges,2279.7343035638223,2266.7944696890213
