col,mean,std
tenure,32.277955271565496,24.555211457780743
monthlycharges,64.77912673056444,30.104992633269823
totalcharges,2277.4239527866525,2266.4126356334987
